{"Labels": {"_type": "images/separated", "width": 1600, "height": 1600, "format": "jpg", "count": 2, "filenames": ["media/images/Labels_0_e00c7b3236ab7128a3e6.jpg", "media/images/Labels_0_f83b21c091d00c2704d0.jpg"], "captions": ["labels.jpg", "labels_correlogram.jpg"]}, "Mosaics": {"_type": "images/separated", "width": 1920, "height": 1920, "format": "jpg", "count": 3, "filenames": ["media/images/Mosaics_0_c3d20efe14d04689b542.jpg", "media/images/Mosaics_0_82740b886b5ad0c53b69.jpg", "media/images/Mosaics_0_c89251ead4a68cd233a3.jpg"], "captions": ["train_batch0.jpg", "train_batch1.jpg", "train_batch2.jpg"]}, "train/box_loss": 0.11333631724119186, "train/obj_loss": 0.012937454506754875, "train/cls_loss": 0.01477290689945221, "metrics/precision": 7.886435331230284e-05, "metrics/recall": 0.014492753623188406, "metrics/mAP_0.5": 4.073626508449989e-05, "metrics/mAP_0.5:0.95": 4.073626508449989e-06, "val/box_loss": 0.11479920148849487, "val/obj_loss": 0.013646192848682404, "val/cls_loss": 0.014698140323162079, "x/lr0": 0.001308836756408466, "x/lr1": 0.001308836756408466, "x/lr2": 0.08820883675640848, "_timestamp": 1655561006, "_runtime": 906, "_step": 3, "_wandb": {"runtime": 1048}}