{"Labels": {"_type": "images/separated", "width": 1600, "height": 1600, "format": "jpg", "count": 2, "filenames": ["media/images/Labels_0_e00c7b3236ab7128a3e6.jpg", "media/images/Labels_0_f83b21c091d00c2704d0.jpg"], "captions": ["labels.jpg", "labels_correlogram.jpg"]}, "train/box_loss": 0.05013665184378624, "train/obj_loss": 0.010470794513821602, "train/cls_loss": 0.0028174826875329018, "metrics/precision": 0.3504324749396889, "metrics/recall": 0.23819541841982236, "metrics/mAP_0.5": 0.19213033090873233, "metrics/mAP_0.5:0.95": 0.06882349091434217, "val/box_loss": 0.07130846381187439, "val/obj_loss": 0.011399125680327415, "val/cls_loss": 0.009527010843157768, "x/lr0": 0.004380895507758153, "x/lr1": 0.004380895507758153, "x/lr2": 0.004380895507758153, "Bounding Box Debugger/Images": {"_type": "images/separated", "width": 672, "height": 672, "format": "png", "count": 16, "filenames": ["media/images/Bounding Box Debugger/Images_15_0f4ea3990d12cb3ef2ce.png", "media/images/Bounding Box Debugger/Images_15_297904d8fe31d436b100.png", "media/images/Bounding Box Debugger/Images_15_9f8f8f56997fff68ca87.png", "media/images/Bounding Box Debugger/Images_15_717da3420a6ba33bbb2e.png", "media/images/Bounding Box Debugger/Images_15_f0ec7e3cbac1f5b93cbb.png", "media/images/Bounding Box Debugger/Images_15_e31379e96ab7dff986ab.png", "media/images/Bounding Box Debugger/Images_15_2cc154506b139a0c68ca.png", "media/images/Bounding Box Debugger/Images_15_105810b75ab5d388dade.png", "media/images/Bounding Box Debugger/Images_15_b053544ac47735025078.png", "media/images/Bounding Box Debugger/Images_15_875ac6c33ae462efb5de.png", "media/images/Bounding Box Debugger/Images_15_f3b27c4f3dd4a17e722e.png", "media/images/Bounding Box Debugger/Images_15_957eef85b01ec104a7f9.png", "media/images/Bounding Box Debugger/Images_15_7546945880d128edb1d3.png", "media/images/Bounding Box Debugger/Images_15_aec7035ce3f4a6daaff4.png", "media/images/Bounding Box Debugger/Images_15_e578965178614d6f0aa4.png", "media/images/Bounding Box Debugger/Images_15_625aa3614c2adfe5cb35.png"], "captions": ["IMG_7508_JPG.rf.86240d99ac9fee024ac1009c99f61cb6.jpg", "IMG_7647_JPG.rf.b5dc2ec1923c3c5cb52947e19b1fdfa9.jpg", "IMG_7652_JPG.rf.57c81e5974b8ff442d7854474829e0fb.jpg", "IMG_7656_JPG.rf.d015e580a1dfcfc1eaef1dfa32532bb8.jpg", "IMG_7657_JPG.rf.ead3327b0656be1be3b1411d208ade58.jpg", "IMG_7663_JPG.rf.455e12127e43ae698aba8b23e708bc93.jpg", "IMG_7664_JPG.rf.ccdad2b4f96e4bd82d4b04441650334d.jpg", "IMG_7671_JPG.rf.ef062644739df193f24cc548e5e98d48.jpg", "IMG_7676_JPG.rf.5e29ef3dbc9158fe6f8d9d8d7f74fba4.jpg", "IMG_7677_JPG.rf.6b70a228b06d621a99982bed73c26194.jpg", "IMG_7642_JPG.rf.3ace89b949a4bf87e1f8d37add54bc56.jpg", "IMG_7683_JPG.rf.337843566b26a9fce78dd98e9c959077.jpg", "IMG_7697_JPG.rf.838e38bc9cc107ccc2e0375baa35e67b.jpg", "IMG_7700_JPG.rf.d44d5b3a6c3c92612915f29f0ffbbda8.jpg", "IMG_7707_JPG.rf.a32492f749cbbc1f270a5d4fadbb0263.jpg", "IMG_7713_JPG.rf.15d23bfe8b778b7934124232063e677e.jpg"], "all_boxes": [{"predictions": {"_type": "boxes2D", "sha256": "5efee799daee853fc402dc45d31cf477d4ef90f15881f1969042af5152215691", "size": 57178, "path": "media/metadata/boxes2D/Bounding Box Debugger/Images_15_5efee799daee853fc402.boxes2D.json"}}, {"predictions": {"_type": "boxes2D", "sha256": "02b8f1691fe61deb12ad1317a635b55dcec33b3d4889b9fa8743730b0daee1dc", "size": 57104, "path": "media/metadata/boxes2D/Bounding Box Debugger/Images_15_02b8f1691fe61deb12ad.boxes2D.json"}}, {"predictions": {"_type": "boxes2D", "sha256": "e88b8bede044ed71eb7f99e2022c005e9055402ffae7db0db5543232971a9874", "size": 38373, "path": "media/metadata/boxes2D/Bounding Box Debugger/Images_15_e88b8bede044ed71eb7f.boxes2D.json"}}, {"predictions": {"_type": "boxes2D", "sha256": "8d511351209e740ae30052ce86665db5dfaf4e1e0afb8a858f652f0ce01d93f0", "size": 29034, "path": "media/metadata/boxes2D/Bounding Box Debugger/Images_15_8d511351209e740ae300.boxes2D.json"}}, {"predictions": {"_type": "boxes2D", "sha256": "fec15d975ec81d292ad2816a8835e7956224ae65457625129b45b37a763a0392", "size": 34475, "path": "media/metadata/boxes2D/Bounding Box Debugger/Images_15_fec15d975ec81d292ad2.boxes2D.json"}}, {"predictions": {"_type": "boxes2D", "sha256": "9d937ad153f61cf0850c39e8827f8cecb146c89212d9b3938bfcdda13dfa711b", "size": 49797, "path": "media/metadata/boxes2D/Bounding Box Debugger/Images_15_9d937ad153f61cf0850c.boxes2D.json"}}, {"predictions": {"_type": "boxes2D", "sha256": "97b5642b19b0a9fcd1c5a8bf4ebea45eaaa632f34daba3c2c2fd47ea9336c549", "size": 52016, "path": "media/metadata/boxes2D/Bounding Box Debugger/Images_15_97b5642b19b0a9fcd1c5.boxes2D.json"}}, {"predictions": {"_type": "boxes2D", "sha256": "a98772a71cc10e148bf82b52c96e62827b6b74574c031791c995a8d7de581c55", "size": 54631, "path": "media/metadata/boxes2D/Bounding Box Debugger/Images_15_a98772a71cc10e148bf8.boxes2D.json"}}, {"predictions": {"_type": "boxes2D", "sha256": "510098a97fa69e2a37dbb387090ea8a2ce82f541efb1bc1493b884e9767fd3b6", "size": 33453, "path": "media/metadata/boxes2D/Bounding Box Debugger/Images_15_510098a97fa69e2a37db.boxes2D.json"}}, {"predictions": {"_type": "boxes2D", "sha256": "4575d640d97bfe1d5d1d09a29dfd869ee7f742dc977a7b6d7150f6034988d629", "size": 37150, "path": "media/metadata/boxes2D/Bounding Box Debugger/Images_15_4575d640d97bfe1d5d1d.boxes2D.json"}}, {"predictions": {"_type": "boxes2D", "sha256": "f0abab38be506e41e380674ebb43bd81efb777830809b21bd9fcd892d26a30a4", "size": 44119, "path": "media/metadata/boxes2D/Bounding Box Debugger/Images_15_f0abab38be506e41e380.boxes2D.json"}}, {"predictions": {"_type": "boxes2D", "sha256": "7e5c4c11612ecfc353b1e896dd9491b37668f8dcf35beba924e1a9ea28c01880", "size": 33660, "path": "media/metadata/boxes2D/Bounding Box Debugger/Images_15_7e5c4c11612ecfc353b1.boxes2D.json"}}, {"predictions": {"_type": "boxes2D", "sha256": "0c32d10c354aae2fed89a298e0132e5583c793ace9743d4c7b38f8116f9fc128", "size": 25249, "path": "media/metadata/boxes2D/Bounding Box Debugger/Images_15_0c32d10c354aae2fed89.boxes2D.json"}}, {"predictions": {"_type": "boxes2D", "sha256": "beb111049008cfcfe69725e1741146968de199b76137949d646765583660b955", "size": 29882, "path": "media/metadata/boxes2D/Bounding Box Debugger/Images_15_beb111049008cfcfe697.boxes2D.json"}}, {"predictions": {"_type": "boxes2D", "sha256": "a2c495b3c58c2c3a87c50a04124a26b5aa7855d5769573b99278782381aa4e71", "size": 40282, "path": "media/metadata/boxes2D/Bounding Box Debugger/Images_15_a2c495b3c58c2c3a87c5.boxes2D.json"}}, {"predictions": {"_type": "boxes2D", "sha256": "fd09a82fce89ee3b592dac54818e77f03134d27dc493229420db77053f4fe9e4", "size": 39629, "path": "media/metadata/boxes2D/Bounding Box Debugger/Images_15_fd09a82fce89ee3b592d.boxes2D.json"}}]}, "_timestamp": 1655567478, "_runtime": 5785, "_step": 29, "_wandb": {"runtime": 5974}}