{"Labels": {"_type": "images/separated", "width": 1600, "height": 1600, "format": "jpg", "count": 2, "filenames": ["media/images/Labels_0_e00c7b3236ab7128a3e6.jpg", "media/images/Labels_0_f83b21c091d00c2704d0.jpg"], "captions": ["labels.jpg", "labels_correlogram.jpg"]}, "Mosaics": {"_type": "images/separated", "width": 1920, "height": 1920, "format": "jpg", "count": 3, "filenames": ["media/images/Mosaics_0_c3d20efe14d04689b542.jpg", "media/images/Mosaics_0_82740b886b5ad0c53b69.jpg", "media/images/Mosaics_0_c89251ead4a68cd233a3.jpg"], "captions": ["train_batch0.jpg", "train_batch1.jpg", "train_batch2.jpg"]}, "train/box_loss": 0.0591435432434082, "train/obj_loss": 0.010790790431201458, "train/cls_loss": 0.004020197317004204, "metrics/precision": 0.32333302515252105, "metrics/recall": 0.23445535296867695, "metrics/mAP_0.5": 0.17989574782199103, "metrics/mAP_0.5:0.95": 0.05150580854889844, "val/box_loss": 0.0721321702003479, "val/obj_loss": 0.010857275687158108, "val/cls_loss": 0.007065568119287491, "x/lr0": 0.005782557337881911, "x/lr1": 0.005782557337881911, "x/lr2": 0.005782557337881911, "_timestamp": 1655500692, "_runtime": 14821, "_step": 73, "Bounding Box Debugger/Images": {"_type": "images/separated", "width": 672, "height": 672, "format": "png", "count": 16, "filenames": ["media/images/Bounding Box Debugger/Images_59_0f4ea3990d12cb3ef2ce.png", "media/images/Bounding Box Debugger/Images_59_297904d8fe31d436b100.png", "media/images/Bounding Box Debugger/Images_59_9f8f8f56997fff68ca87.png", "media/images/Bounding Box Debugger/Images_59_717da3420a6ba33bbb2e.png", "media/images/Bounding Box Debugger/Images_59_f0ec7e3cbac1f5b93cbb.png", "media/images/Bounding Box Debugger/Images_59_e31379e96ab7dff986ab.png", "media/images/Bounding Box Debugger/Images_59_2cc154506b139a0c68ca.png", "media/images/Bounding Box Debugger/Images_59_105810b75ab5d388dade.png", "media/images/Bounding Box Debugger/Images_59_b053544ac47735025078.png", "media/images/Bounding Box Debugger/Images_59_875ac6c33ae462efb5de.png", "media/images/Bounding Box Debugger/Images_59_f3b27c4f3dd4a17e722e.png", "media/images/Bounding Box Debugger/Images_59_957eef85b01ec104a7f9.png", "media/images/Bounding Box Debugger/Images_59_7546945880d128edb1d3.png", "media/images/Bounding Box Debugger/Images_59_aec7035ce3f4a6daaff4.png", "media/images/Bounding Box Debugger/Images_59_e578965178614d6f0aa4.png", "media/images/Bounding Box Debugger/Images_59_625aa3614c2adfe5cb35.png"], "captions": ["IMG_7508_JPG.rf.86240d99ac9fee024ac1009c99f61cb6.jpg", "IMG_7647_JPG.rf.b5dc2ec1923c3c5cb52947e19b1fdfa9.jpg", "IMG_7652_JPG.rf.57c81e5974b8ff442d7854474829e0fb.jpg", "IMG_7656_JPG.rf.d015e580a1dfcfc1eaef1dfa32532bb8.jpg", "IMG_7657_JPG.rf.ead3327b0656be1be3b1411d208ade58.jpg", "IMG_7663_JPG.rf.455e12127e43ae698aba8b23e708bc93.jpg", "IMG_7664_JPG.rf.ccdad2b4f96e4bd82d4b04441650334d.jpg", "IMG_7671_JPG.rf.ef062644739df193f24cc548e5e98d48.jpg", "IMG_7676_JPG.rf.5e29ef3dbc9158fe6f8d9d8d7f74fba4.jpg", "IMG_7677_JPG.rf.6b70a228b06d621a99982bed73c26194.jpg", "IMG_7642_JPG.rf.3ace89b949a4bf87e1f8d37add54bc56.jpg", "IMG_7683_JPG.rf.337843566b26a9fce78dd98e9c959077.jpg", "IMG_7697_JPG.rf.838e38bc9cc107ccc2e0375baa35e67b.jpg", "IMG_7700_JPG.rf.d44d5b3a6c3c92612915f29f0ffbbda8.jpg", "IMG_7707_JPG.rf.a32492f749cbbc1f270a5d4fadbb0263.jpg", "IMG_7713_JPG.rf.15d23bfe8b778b7934124232063e677e.jpg"], "all_boxes": [{"predictions": {"_type": "boxes2D", "sha256": "6c7cde5ad35463d1411d9abdd977572908327e88f0e3af8732b38e16f9d13d2c", "size": 44457, "path": "media/metadata/boxes2D/Bounding Box Debugger/Images_59_6c7cde5ad35463d1411d.boxes2D.json"}}, {"predictions": {"_type": "boxes2D", "sha256": "0d68ca486c8b97f50eeb634959e7313bf25e4a239a1e2b981bb14644b9b3e913", "size": 55131, "path": "media/metadata/boxes2D/Bounding Box Debugger/Images_59_0d68ca486c8b97f50eeb.boxes2D.json"}}, {"predictions": {"_type": "boxes2D", "sha256": "b673d59e538bddc1f8c444a49c36d209767823e3234681ff1a471b38efbc910e", "size": 49364, "path": "media/metadata/boxes2D/Bounding Box Debugger/Images_59_b673d59e538bddc1f8c4.boxes2D.json"}}, {"predictions": {"_type": "boxes2D", "sha256": "5d5c62e52f24df18e491258dde3e83259d85f1f29a0655cc17abcdc0b1432411", "size": 51569, "path": "media/metadata/boxes2D/Bounding Box Debugger/Images_59_5d5c62e52f24df18e491.boxes2D.json"}}, {"predictions": {"_type": "boxes2D", "sha256": "8c7f1754bea29d47f73febc1c9509463e15b14e97eda6b52aa83bead475072b5", "size": 57547, "path": "media/metadata/boxes2D/Bounding Box Debugger/Images_59_8c7f1754bea29d47f73f.boxes2D.json"}}, {"predictions": {"_type": "boxes2D", "sha256": "15eafebbf703b76af5cca2f24cd1ccee128e15b8c4a634d9e1bc72e78c2048ff", "size": 42312, "path": "media/metadata/boxes2D/Bounding Box Debugger/Images_59_15eafebbf703b76af5cc.boxes2D.json"}}, {"predictions": {"_type": "boxes2D", "sha256": "a5714d033a381e742b176c07686724615283623c3e0fe33a1db3b1346ca863c6", "size": 35569, "path": "media/metadata/boxes2D/Bounding Box Debugger/Images_59_a5714d033a381e742b17.boxes2D.json"}}, {"predictions": {"_type": "boxes2D", "sha256": "c8bcd5cb77d053f12a3a6a1cf5bce3f2f54caed0dc7a6f1e18b86ec556d63e0b", "size": 57415, "path": "media/metadata/boxes2D/Bounding Box Debugger/Images_59_c8bcd5cb77d053f12a3a.boxes2D.json"}}, {"predictions": {"_type": "boxes2D", "sha256": "71b3a16dd16071987e2ae900705f457efa9da0abf977a14fd377bce9e44470d9", "size": 43875, "path": "media/metadata/boxes2D/Bounding Box Debugger/Images_59_71b3a16dd16071987e2a.boxes2D.json"}}, {"predictions": {"_type": "boxes2D", "sha256": "c9fe96bdb0367795b3e7e65c2ea2082976e6a298421c4efd6b1f7301816f2dfc", "size": 35371, "path": "media/metadata/boxes2D/Bounding Box Debugger/Images_59_c9fe96bdb0367795b3e7.boxes2D.json"}}, {"predictions": {"_type": "boxes2D", "sha256": "498b8579562b71b14d1be2505d7ab0d8b0d38b3f2326e99dce8661ff4ef9ee17", "size": 50202, "path": "media/metadata/boxes2D/Bounding Box Debugger/Images_59_498b8579562b71b14d1b.boxes2D.json"}}, {"predictions": {"_type": "boxes2D", "sha256": "af46c4ec128335d2110fa37141018a6b12a65b6313f4834335dc81305a4f6ab9", "size": 41835, "path": "media/metadata/boxes2D/Bounding Box Debugger/Images_59_af46c4ec128335d2110f.boxes2D.json"}}, {"predictions": {"_type": "boxes2D", "sha256": "df717fc56279df7a5091903f44397b49e4fea988f204fb304eb047a82fdbb618", "size": 28860, "path": "media/metadata/boxes2D/Bounding Box Debugger/Images_59_df717fc56279df7a5091.boxes2D.json"}}, {"predictions": {"_type": "boxes2D", "sha256": "f47ce6b254c5db8bf6b979bfebf0e96c1cc4b6977b92d504f86bc28a4b34a825", "size": 28876, "path": "media/metadata/boxes2D/Bounding Box Debugger/Images_59_f47ce6b254c5db8bf6b9.boxes2D.json"}}, {"predictions": {"_type": "boxes2D", "sha256": "cb5e2d0e1753c69c1b2d3e6e6080d56220c7f5bb6468dca751b271f1474be6c0", "size": 36171, "path": "media/metadata/boxes2D/Bounding Box Debugger/Images_59_cb5e2d0e1753c69c1b2d.boxes2D.json"}}, {"predictions": {"_type": "boxes2D", "sha256": "3245aa69dd5e09734212de5fe651f07b82b4d55f0fa9d28f80248283eef04893", "size": 51926, "path": "media/metadata/boxes2D/Bounding Box Debugger/Images_59_3245aa69dd5e09734212.boxes2D.json"}}]}, "_wandb": {"runtime": 15001}}