{"Labels": {"_type": "images/separated", "width": 1600, "height": 1600, "format": "jpg", "count": 2, "filenames": ["media/images/Labels_0_e00c7b3236ab7128a3e6.jpg", "media/images/Labels_0_f83b21c091d00c2704d0.jpg"], "captions": ["labels.jpg", "labels_correlogram.jpg"]}, "train/box_loss": 0.037529245018959045, "train/obj_loss": 0.008919148705899715, "train/cls_loss": 0.001421436551027, "metrics/precision": 0.29472383828895377, "metrics/recall": 0.2540906965871903, "metrics/mAP_0.5": 0.20537726248086824, "metrics/mAP_0.5:0.95": 0.06666109385890956, "val/box_loss": 0.07091967016458511, "val/obj_loss": 0.010824674740433693, "val/cls_loss": 0.009677552618086338, "x/lr0": 0.0010039472645551374, "x/lr1": 0.0010039472645551374, "x/lr2": 0.0010039472645551374, "_timestamp": 1655580307, "_runtime": 12431, "_step": 62, "Bounding Box Debugger/Images": {"_type": "images/separated", "width": 672, "height": 672, "format": "png", "count": 16, "filenames": ["media/images/Bounding Box Debugger/Images_61_0f4ea3990d12cb3ef2ce.png", "media/images/Bounding Box Debugger/Images_61_297904d8fe31d436b100.png", "media/images/Bounding Box Debugger/Images_61_9f8f8f56997fff68ca87.png", "media/images/Bounding Box Debugger/Images_61_717da3420a6ba33bbb2e.png", "media/images/Bounding Box Debugger/Images_61_f0ec7e3cbac1f5b93cbb.png", "media/images/Bounding Box Debugger/Images_61_e31379e96ab7dff986ab.png", "media/images/Bounding Box Debugger/Images_61_2cc154506b139a0c68ca.png", "media/images/Bounding Box Debugger/Images_61_105810b75ab5d388dade.png", "media/images/Bounding Box Debugger/Images_61_b053544ac47735025078.png", "media/images/Bounding Box Debugger/Images_61_875ac6c33ae462efb5de.png", "media/images/Bounding Box Debugger/Images_61_f3b27c4f3dd4a17e722e.png", "media/images/Bounding Box Debugger/Images_61_957eef85b01ec104a7f9.png", "media/images/Bounding Box Debugger/Images_61_7546945880d128edb1d3.png", "media/images/Bounding Box Debugger/Images_61_aec7035ce3f4a6daaff4.png", "media/images/Bounding Box Debugger/Images_61_e578965178614d6f0aa4.png", "media/images/Bounding Box Debugger/Images_61_625aa3614c2adfe5cb35.png"], "captions": ["IMG_7508_JPG.rf.86240d99ac9fee024ac1009c99f61cb6.jpg", "IMG_7647_JPG.rf.b5dc2ec1923c3c5cb52947e19b1fdfa9.jpg", "IMG_7652_JPG.rf.57c81e5974b8ff442d7854474829e0fb.jpg", "IMG_7656_JPG.rf.d015e580a1dfcfc1eaef1dfa32532bb8.jpg", "IMG_7657_JPG.rf.ead3327b0656be1be3b1411d208ade58.jpg", "IMG_7663_JPG.rf.455e12127e43ae698aba8b23e708bc93.jpg", "IMG_7664_JPG.rf.ccdad2b4f96e4bd82d4b04441650334d.jpg", "IMG_7671_JPG.rf.ef062644739df193f24cc548e5e98d48.jpg", "IMG_7676_JPG.rf.5e29ef3dbc9158fe6f8d9d8d7f74fba4.jpg", "IMG_7677_JPG.rf.6b70a228b06d621a99982bed73c26194.jpg", "IMG_7642_JPG.rf.3ace89b949a4bf87e1f8d37add54bc56.jpg", "IMG_7683_JPG.rf.337843566b26a9fce78dd98e9c959077.jpg", "IMG_7697_JPG.rf.838e38bc9cc107ccc2e0375baa35e67b.jpg", "IMG_7700_JPG.rf.d44d5b3a6c3c92612915f29f0ffbbda8.jpg", "IMG_7707_JPG.rf.a32492f749cbbc1f270a5d4fadbb0263.jpg", "IMG_7713_JPG.rf.15d23bfe8b778b7934124232063e677e.jpg"], "all_boxes": [{"predictions": {"_type": "boxes2D", "sha256": "b229a49743b32a91683b5a92e4cf20c55a1a273b9f36f414cb9121e49dc085df", "size": 27022, "path": "media/metadata/boxes2D/Bounding Box Debugger/Images_61_b229a49743b32a91683b.boxes2D.json"}}, {"predictions": {"_type": "boxes2D", "sha256": "85f985793600c05f991f8817f729bebfe262c10a223ca05627ae7d50d5dd7e4b", "size": 42483, "path": "media/metadata/boxes2D/Bounding Box Debugger/Images_61_85f985793600c05f991f.boxes2D.json"}}, {"predictions": {"_type": "boxes2D", "sha256": "60d8727d0141f559b91986dc847bb8d7b8190feb894e22e03baa48cabb10ad79", "size": 29325, "path": "media/metadata/boxes2D/Bounding Box Debugger/Images_61_60d8727d0141f559b919.boxes2D.json"}}, {"predictions": {"_type": "boxes2D", "sha256": "6189fdb9bcf4d42cd8e6880dc5eec21199ddbefe8287a98510c67e2f3fc58b17", "size": 22199, "path": "media/metadata/boxes2D/Bounding Box Debugger/Images_61_6189fdb9bcf4d42cd8e6.boxes2D.json"}}, {"predictions": {"_type": "boxes2D", "sha256": "80776939e2bb6d47a1602a8b4185118dd9daec5f604293477d8d0d4507aace64", "size": 24396, "path": "media/metadata/boxes2D/Bounding Box Debugger/Images_61_80776939e2bb6d47a160.boxes2D.json"}}, {"predictions": {"_type": "boxes2D", "sha256": "6bd40f2018a985c061d3cc6e7f3a6ef543548feab92baa9d1c4a99f090f7702b", "size": 27266, "path": "media/metadata/boxes2D/Bounding Box Debugger/Images_61_6bd40f2018a985c061d3.boxes2D.json"}}, {"predictions": {"_type": "boxes2D", "sha256": "509b2382c6cf1312436d41446d0aa96f13965fa96b037b03ca8c21807ba5b1dc", "size": 30429, "path": "media/metadata/boxes2D/Bounding Box Debugger/Images_61_509b2382c6cf1312436d.boxes2D.json"}}, {"predictions": {"_type": "boxes2D", "sha256": "0cb4e203d39ee7a13c5d06fa9ddcc48403e4e34b9886865cccd060e9f988cc80", "size": 25211, "path": "media/metadata/boxes2D/Bounding Box Debugger/Images_61_0cb4e203d39ee7a13c5d.boxes2D.json"}}, {"predictions": {"_type": "boxes2D", "sha256": "51c6cc40b33c0fcf5713cdda66bf8b1ce381997885d77740eeb4cb691a57fcd9", "size": 26495, "path": "media/metadata/boxes2D/Bounding Box Debugger/Images_61_51c6cc40b33c0fcf5713.boxes2D.json"}}, {"predictions": {"_type": "boxes2D", "sha256": "71788496aafbcc28149ef3cd13ebd1d3de612aff76bc3778a4dc8ec85c335c26", "size": 26742, "path": "media/metadata/boxes2D/Bounding Box Debugger/Images_61_71788496aafbcc28149e.boxes2D.json"}}, {"predictions": {"_type": "boxes2D", "sha256": "eb39c544e22b6fa07c2ce7ec495d7841c5d71e609592e7e0117b3b3ed9e6dea6", "size": 20034, "path": "media/metadata/boxes2D/Bounding Box Debugger/Images_61_eb39c544e22b6fa07c2c.boxes2D.json"}}, {"predictions": {"_type": "boxes2D", "sha256": "45fdda188b09e9515dd4f06a5d4e1429daf9d65e56d20605113c492147efbc2a", "size": 24410, "path": "media/metadata/boxes2D/Bounding Box Debugger/Images_61_45fdda188b09e9515dd4.boxes2D.json"}}, {"predictions": {"_type": "boxes2D", "sha256": "02c6384502205a93c7254ee6c6e382a46eac5e731d023e46080abd680f6ccb15", "size": 15713, "path": "media/metadata/boxes2D/Bounding Box Debugger/Images_61_02c6384502205a93c725.boxes2D.json"}}, {"predictions": {"_type": "boxes2D", "sha256": "691bd6ad7b2709dc98dbc0571df619b7e11df2bf79e60e1c6c762e3dca8f176c", "size": 14516, "path": "media/metadata/boxes2D/Bounding Box Debugger/Images_61_691bd6ad7b2709dc98db.boxes2D.json"}}, {"predictions": {"_type": "boxes2D", "sha256": "6dcb81b674fcbd62d283388f2ba58dd7ac7662855575b1d94824284072b1968a", "size": 20628, "path": "media/metadata/boxes2D/Bounding Box Debugger/Images_61_6dcb81b674fcbd62d283.boxes2D.json"}}, {"predictions": {"_type": "boxes2D", "sha256": "fb8bffa2e8886ea3e85c9d5318e9b495084f1ed9431167a274dd660db8968784", "size": 15356, "path": "media/metadata/boxes2D/Bounding Box Debugger/Images_61_fb8bffa2e8886ea3e85c.boxes2D.json"}}]}, "Results": {"_type": "images/separated", "width": 2400, "height": 1200, "format": "png", "count": 1, "filenames": ["media/images/Results_62_7b46d4c0d3c5739d84c0.png"], "captions": ["results.png"]}, "_wandb": {"runtime": 12429}}