{"Labels": {"_type": "images/separated", "width": 1600, "height": 1600, "format": "jpg", "count": 2, "filenames": ["media/images/Labels_0_e00c7b3236ab7128a3e6.jpg", "media/images/Labels_0_f83b21c091d00c2704d0.jpg"], "captions": ["labels.jpg", "labels_correlogram.jpg"]}, "Mosaics": {"_type": "images/separated", "width": 1920, "height": 1920, "format": "jpg", "count": 3, "filenames": ["media/images/Mosaics_0_c3d20efe14d04689b542.jpg", "media/images/Mosaics_0_82740b886b5ad0c53b69.jpg", "media/images/Mosaics_0_c89251ead4a68cd233a3.jpg"], "captions": ["train_batch0.jpg", "train_batch1.jpg", "train_batch2.jpg"]}, "train/box_loss": 0.08125855028629303, "train/obj_loss": 0.011993536725640297, "train/cls_loss": 0.008513490669429302, "metrics/precision": 0.301498978792704, "metrics/recall": 0.1535764375876578, "metrics/mAP_0.5": 0.07619556646987197, "metrics/mAP_0.5:0.95": 0.02616255503278641, "val/box_loss": 0.0853898674249649, "val/obj_loss": 0.012051183730363846, "val/cls_loss": 0.010111231356859207, "x/lr0": 0.006531494168340716, "x/lr1": 0.006531494168340716, "x/lr2": 0.04063149416834072, "_timestamp": 1655483967, "_runtime": 5358, "_step": 19}