{"Labels": {"_type": "images/separated", "width": 1600, "height": 1600, "format": "jpg", "count": 2, "filenames": ["media/images/Labels_0_e00c7b3236ab7128a3e6.jpg", "media/images/Labels_0_f83b21c091d00c2704d0.jpg"], "captions": ["labels.jpg", "labels_correlogram.jpg"]}, "train/box_loss": 0.03251112625002861, "train/obj_loss": 0.007961593568325043, "train/cls_loss": 0.0007707354379817843, "metrics/precision": 0.3462202554658086, "metrics/recall": 0.22884525479195886, "metrics/mAP_0.5": 0.18588575134347812, "metrics/mAP_0.5:0.95": 0.060024037042642545, "val/box_loss": 0.07824541628360748, "val/obj_loss": 0.011690840125083923, "val/cls_loss": 0.013291999697685242, "x/lr0": 0.002284872941652386, "x/lr1": 0.002284872941652386, "x/lr2": 0.002284872941652386, "Bounding Box Debugger/Images": {"_type": "images/separated", "width": 672, "height": 672, "format": "png", "count": 16, "filenames": ["media/images/Bounding Box Debugger/Images_90_0f4ea3990d12cb3ef2ce.png", "media/images/Bounding Box Debugger/Images_90_297904d8fe31d436b100.png", "media/images/Bounding Box Debugger/Images_90_9f8f8f56997fff68ca87.png", "media/images/Bounding Box Debugger/Images_90_717da3420a6ba33bbb2e.png", "media/images/Bounding Box Debugger/Images_90_f0ec7e3cbac1f5b93cbb.png", "media/images/Bounding Box Debugger/Images_90_e31379e96ab7dff986ab.png", "media/images/Bounding Box Debugger/Images_90_2cc154506b139a0c68ca.png", "media/images/Bounding Box Debugger/Images_90_105810b75ab5d388dade.png", "media/images/Bounding Box Debugger/Images_90_b053544ac47735025078.png", "media/images/Bounding Box Debugger/Images_90_875ac6c33ae462efb5de.png", "media/images/Bounding Box Debugger/Images_90_f3b27c4f3dd4a17e722e.png", "media/images/Bounding Box Debugger/Images_90_957eef85b01ec104a7f9.png", "media/images/Bounding Box Debugger/Images_90_7546945880d128edb1d3.png", "media/images/Bounding Box Debugger/Images_90_aec7035ce3f4a6daaff4.png", "media/images/Bounding Box Debugger/Images_90_e578965178614d6f0aa4.png", "media/images/Bounding Box Debugger/Images_90_625aa3614c2adfe5cb35.png"], "captions": ["IMG_7508_JPG.rf.86240d99ac9fee024ac1009c99f61cb6.jpg", "IMG_7647_JPG.rf.b5dc2ec1923c3c5cb52947e19b1fdfa9.jpg", "IMG_7652_JPG.rf.57c81e5974b8ff442d7854474829e0fb.jpg", "IMG_7656_JPG.rf.d015e580a1dfcfc1eaef1dfa32532bb8.jpg", "IMG_7657_JPG.rf.ead3327b0656be1be3b1411d208ade58.jpg", "IMG_7663_JPG.rf.455e12127e43ae698aba8b23e708bc93.jpg", "IMG_7664_JPG.rf.ccdad2b4f96e4bd82d4b04441650334d.jpg", "IMG_7671_JPG.rf.ef062644739df193f24cc548e5e98d48.jpg", "IMG_7676_JPG.rf.5e29ef3dbc9158fe6f8d9d8d7f74fba4.jpg", "IMG_7677_JPG.rf.6b70a228b06d621a99982bed73c26194.jpg", "IMG_7642_JPG.rf.3ace89b949a4bf87e1f8d37add54bc56.jpg", "IMG_7683_JPG.rf.337843566b26a9fce78dd98e9c959077.jpg", "IMG_7697_JPG.rf.838e38bc9cc107ccc2e0375baa35e67b.jpg", "IMG_7700_JPG.rf.d44d5b3a6c3c92612915f29f0ffbbda8.jpg", "IMG_7707_JPG.rf.a32492f749cbbc1f270a5d4fadbb0263.jpg", "IMG_7713_JPG.rf.15d23bfe8b778b7934124232063e677e.jpg"], "all_boxes": [{"predictions": {"_type": "boxes2D", "sha256": "f8a1b33622788e2d54795af6ed7d4dd6995f1aaf39dc5f6c6e03bf96918257aa", "size": 21132, "path": "media/metadata/boxes2D/Bounding Box Debugger/Images_90_f8a1b33622788e2d5479.boxes2D.json"}}, {"predictions": {"_type": "boxes2D", "sha256": "c8d05359b36d01eda046c5dddcc8ad8dceeef21704f942f2fd964dd75be131b5", "size": 21909, "path": "media/metadata/boxes2D/Bounding Box Debugger/Images_90_c8d05359b36d01eda046.boxes2D.json"}}, {"predictions": {"_type": "boxes2D", "sha256": "a1f30f289edd7d2cde34c7e157a5e52015dee58dc9182bda495b9ff81131fd13", "size": 16958, "path": "media/metadata/boxes2D/Bounding Box Debugger/Images_90_a1f30f289edd7d2cde34.boxes2D.json"}}, {"predictions": {"_type": "boxes2D", "sha256": "7663e01db9a318f8569e5b5f51a1a6e608f9c400fe23c7513c9eb8c459383d33", "size": 11662, "path": "media/metadata/boxes2D/Bounding Box Debugger/Images_90_7663e01db9a318f8569e.boxes2D.json"}}, {"predictions": {"_type": "boxes2D", "sha256": "5f03e1fcfd419a5f3d7045bde0ceaa0757e76e6ef7265b32fa08acd0012f2bfe", "size": 11475, "path": "media/metadata/boxes2D/Bounding Box Debugger/Images_90_5f03e1fcfd419a5f3d70.boxes2D.json"}}, {"predictions": {"_type": "boxes2D", "sha256": "d59d2df8f8cb684246723fff97e46c5dbdd0efe516f298c345ffbaa47bbbe342", "size": 21756, "path": "media/metadata/boxes2D/Bounding Box Debugger/Images_90_d59d2df8f8cb68424672.boxes2D.json"}}, {"predictions": {"_type": "boxes2D", "sha256": "aab40b01e40fd607257e119043763b78483fd4aedbf917519d2c9b37a9e4dcdb", "size": 16969, "path": "media/metadata/boxes2D/Bounding Box Debugger/Images_90_aab40b01e40fd607257e.boxes2D.json"}}, {"predictions": {"_type": "boxes2D", "sha256": "7e5b44ba2cd418cd205ce3869dcfcb287f539328fd673b3f1824a69fe36e69db", "size": 13188, "path": "media/metadata/boxes2D/Bounding Box Debugger/Images_90_7e5b44ba2cd418cd205c.boxes2D.json"}}, {"predictions": {"_type": "boxes2D", "sha256": "76c9771fc741d95917a87871879c7bd131193b22247fbaeaf8fa7c6245f72acd", "size": 21749, "path": "media/metadata/boxes2D/Bounding Box Debugger/Images_90_76c9771fc741d95917a8.boxes2D.json"}}, {"predictions": {"_type": "boxes2D", "sha256": "156b2a74b371323ec951fda9c91b066c37b78645d4bb390a4f61671b39c0dcb1", "size": 17935, "path": "media/metadata/boxes2D/Bounding Box Debugger/Images_90_156b2a74b371323ec951.boxes2D.json"}}, {"predictions": {"_type": "boxes2D", "sha256": "f0cd767bdd6613851980148b070b4ad7ef0c23f8536b85781115f813af315208", "size": 10124, "path": "media/metadata/boxes2D/Bounding Box Debugger/Images_90_f0cd767bdd6613851980.boxes2D.json"}}, {"predictions": {"_type": "boxes2D", "sha256": "e3b761ca5967477afb2e91525f1ea41b26a4e7a1b30c526b53eff6999489d125", "size": 17886, "path": "media/metadata/boxes2D/Bounding Box Debugger/Images_90_e3b761ca5967477afb2e.boxes2D.json"}}, {"predictions": {"_type": "boxes2D", "sha256": "7c3a955427280774643f46c182fdfc3c70b6008cf0721e9332a657c0f5f031d2", "size": 9591, "path": "media/metadata/boxes2D/Bounding Box Debugger/Images_90_7c3a955427280774643f.boxes2D.json"}}, {"predictions": {"_type": "boxes2D", "sha256": "1a0a7dd50f78f2259386ad4fbef804d0683ca80cf75abbcd04c9164182bff158", "size": 11676, "path": "media/metadata/boxes2D/Bounding Box Debugger/Images_90_1a0a7dd50f78f2259386.boxes2D.json"}}, {"predictions": {"_type": "boxes2D", "sha256": "8c879ad410c39bc8840ed32ee818d8a928d393fdd9ff71ea243ce256c979fb0b", "size": 12649, "path": "media/metadata/boxes2D/Bounding Box Debugger/Images_90_8c879ad410c39bc8840e.boxes2D.json"}}, {"predictions": {"_type": "boxes2D", "sha256": "8fe889b004020bc29d574b59571386f5f34ab15501a01e4192bd07fed102e2ae", "size": 9406, "path": "media/metadata/boxes2D/Bounding Box Debugger/Images_90_8fe889b004020bc29d57.boxes2D.json"}}]}, "_timestamp": 1655666806, "_runtime": 16360, "_step": 101, "Results": {"_type": "images/separated", "width": 2400, "height": 1200, "format": "png", "count": 1, "filenames": ["media/images/Results_101_a5f6b31a5c9db1b44978.png"], "captions": ["results.png"]}, "_wandb": {"runtime": 16356}}