{"Labels": {"_type": "images/separated", "width": 1600, "height": 1600, "format": "jpg", "count": 2, "filenames": ["media/images/Labels_0_e00c7b3236ab7128a3e6.jpg", "media/images/Labels_0_f83b21c091d00c2704d0.jpg"], "captions": ["labels.jpg", "labels_correlogram.jpg"]}, "Mosaics": {"_type": "images/separated", "width": 1920, "height": 1920, "format": "jpg", "count": 3, "filenames": ["media/images/Mosaics_0_c3d20efe14d04689b542.jpg", "media/images/Mosaics_0_82740b886b5ad0c53b69.jpg", "media/images/Mosaics_0_c89251ead4a68cd233a3.jpg"], "captions": ["train_batch0.jpg", "train_batch1.jpg", "train_batch2.jpg"]}, "train/box_loss": 0.04027503356337547, "train/obj_loss": 0.008887914940714836, "train/cls_loss": 0.0012515942798927426, "metrics/precision": 0.2632541331064997, "metrics/recall": 0.2791023842917251, "metrics/mAP_0.5": 0.1879183654263808, "metrics/mAP_0.5:0.95": 0.06380454818905461, "val/box_loss": 0.07469379901885986, "val/obj_loss": 0.011545882560312748, "val/cls_loss": 0.010395718738436699, "x/lr0": 0.004533580744821742, "x/lr1": 0.004533580744821742, "x/lr2": 0.058433580744821745, "_timestamp": 1655648998, "_runtime": 2862, "_step": 13, "_wandb": {"runtime": 3055}}